source,title,url,agency,notice_id,notice_type,posted,deadline,description,tags,key,new
sam.gov,Enterprise Management & Control (EM&C) System Integrator Requirement,https://sam.gov/workspace/contract/opp/c66e445c26224bc3aa0e7b28b1e05d76/view,USSF,c66e445c26224bc3aa0e7b28b1e05d76,Sources Sought,2026-09-18,2026-10-02,"DEPT OF DEFENSE.DEPT OF THE AIR FORCE.SPACE SYSTEMS COMMAND.PEO MILITARY COMMUNICATION AND POSITION NAVIGATION TIMING.FA8807 MIL COMM AND PNT SSC/CGK | NAICS 541512 | PSC R425 | set-aside: No Set aside used | EL SEGUNDO, CA","['space', 'pnt']",7e9a38174db535c8,True
sam.gov,Auto Doors Maintenance Services,https://sam.gov/workspace/contract/opp/99a3ca97354d445592ef089d4e5cd6d2/view,USSF,99a3ca97354d445592ef089d4e5cd6d2,Solicitation,2026-09-18,2026-09-21,"DEPT OF DEFENSE.DEPT OF THE AIR FORCE.SPACE SYSTEMS COMMAND.FA2521  45 CONS PK | NAICS 238290 | PSC J056 | set-aside: Small Business Set Aside - Total | PATRICK SFB, FL",['space'],9c0f63b4667e877f,True
sam.gov,"Rendezvous, Proximity Operations (RPO) Threat Response (RTR) VICTUS Responsive Launch Space Vehicle (SV)",https://sam.gov/workspace/contract/opp/62446f1684754112be95a66fff02eee3/view,USSF,62446f1684754112be95a66fff02eee3,Sources Sought,2026-09-18,2026-10-19,"DEPT OF DEFENSE.DEPT OF THE AIR FORCE.SPACE SYSTEMS COMMAND.PEO SPACE DOMAIN AWARENESS ANDCOMBAT POWER.FA8819 SDA AND COMBAT POWER SZK-LA | NAICS 541715 | PSC 1555 | set-aside: No Set aside used | EL SEGUNDO, CA","['space', 'launch', 'space domain awareness']",c820d84a08e53a03,True
sam.gov,Keysight Equipment Extended Warranty,https://sam.gov/workspace/contract/opp/47bfe486e95845b78456af944a20b7a0/view,USSF,47bfe486e95845b78456af944a20b7a0,Combined Synopsis/Solicitation,2026-09-18,2026-09-23,"DEPT OF DEFENSE.DEPT OF THE AIR FORCE.SPACE SYSTEMS COMMAND.FA2521  45 CONS PK | NAICS 811210 | PSC J066 | set-aside: No Set aside used | PATRICK SFB, FL",['space'],1f52bfdba88fee78,True
sam.gov,VSFB Chapel Music Services,https://sam.gov/workspace/contract/opp/fb258e77cc234f8bae874e0c1b9eac50/view,USSF,fb258e77cc234f8bae874e0c1b9eac50,Solicitation,2026-09-17,2026-09-22,"DEPT OF DEFENSE.DEPT OF THE AIR FORCE.SPACE SYSTEMS COMMAND.FA4610 30 CONS PK | NAICS 711130 | PSC G002 | set-aside: No Set aside used | VANDENBERG SFB, CA",['space'],668b6b4ca9a8fd31,True
sam.gov,2ROPS FM9 SWIT FULL HD 9-INCH LCD MONITORS,https://sam.gov/workspace/contract/opp/be4a3b0cf4904ae786628c328d1cdaaa/view,USSF,be4a3b0cf4904ae786628c328d1cdaaa,Combined Synopsis/Solicitation,2026-09-17,2026-09-18,"DEPT OF DEFENSE.DEPT OF THE AIR FORCE.SPACE SYSTEMS COMMAND.FA4610 30 CONS PK | NAICS 334310 | PSC 6760 | set-aside: Small Business Set Aside - Total | VANDENBERG SFB, CA",['space'],514ca6076e0ef97a,True
sam.gov,VSFB Heavy Equipment Recovery and Transportation,https://sam.gov/workspace/contract/opp/9047b550092a48b6aa73fd666bd77b47/view,USSF,9047b550092a48b6aa73fd666bd77b47,Combined Synopsis/Solicitation,2026-09-17,2026-09-23,"DEPT OF DEFENSE.DEPT OF THE AIR FORCE.SPACE SYSTEMS COMMAND.FA4610 30 CONS PK | NAICS 488410 | PSC V129 | set-aside: Small Business Set Aside - Total | VANDENBERG SFB, CA",['space'],b70ba4949383ff0c,True
sam.gov,Titian Dorm Beds and Mattress,https://sam.gov/workspace/contract/opp/7fc3538dbf964e18a85082b2dc32df56/view,USSF,7fc3538dbf964e18a85082b2dc32df56,Combined Synopsis/Solicitation,2026-09-17,2026-09-23,"DEPT OF DEFENSE.DEPT OF THE AIR FORCE.SPACE SYSTEMS COMMAND.FA4610 30 CONS PK | NAICS 337122 | PSC 7105 | set-aside: Small Business Set Aside - Total | VANDENBERG SFB, CA",['space'],cbe3c60b3e73bbf6,True
sam.gov,Termite Fumigation,https://sam.gov/workspace/contract/opp/7fae76bf9f284b05aac018bc0649a307/view,USSF,7fae76bf9f284b05aac018bc0649a307,Combined Synopsis/Solicitation,2026-09-16,2026-09-17,"DEPT OF DEFENSE.DEPT OF THE AIR FORCE.SPACE SYSTEMS COMMAND.FA2521  45 CONS PK | NAICS 561710 | PSC S207 | set-aside: Small Business Set Aside - Total | PATRICK SFB, FL",['space'],41e6bfabf2a02c07,True
sam.gov,Sorinex Fitness Training Equipment,https://sam.gov/workspace/contract/opp/7d0beed299c24a3c9122eb8d0c525091/view,USSF,7d0beed299c24a3c9122eb8d0c525091,Combined Synopsis/Solicitation,2026-09-16,2026-09-22,"DEPT OF DEFENSE.DEPT OF THE AIR FORCE.SPACE SYSTEMS COMMAND.FA2521  45 CONS PK | NAICS 339920 | PSC 7830 | set-aside: Small Business Set Aside - Total | PATRICK SFB, FL",['space'],7edb5b0134664096,True
sam.gov,Request for Information (RFI) SG-XX Geosynchronous Space to Space (S2S) Radio Frequency Cross Link,https://sam.gov/workspace/contract/opp/63c7ad7e26e1458aa36497f2cad3d9ed/view,USSF,63c7ad7e26e1458aa36497f2cad3d9ed,Sources Sought,2026-09-16,2026-10-02,"DEPT OF DEFENSE.DEPT OF THE AIR FORCE.SPACE SYSTEMS COMMAND.PEO SPACE DOMAIN AWARENESS ANDCOMBAT POWER.FA8819 SDA AND COMBAT POWER SZK-LA | NAICS None | PSC None | set-aside: none | EL SEGUNDO, CA","['space', 'space domain awareness']",f49aa429f7d8d599,True
sam.gov,Motorola Console Upgrade,https://sam.gov/workspace/contract/opp/4d5a644a8e5a4e3aa49236ce3b0cb72d/view,USSF,4d5a644a8e5a4e3aa49236ce3b0cb72d,Combined Synopsis/Solicitation,2026-09-16,2026-09-24,"DEPT OF DEFENSE.DEPT OF THE AIR FORCE.SPACE SYSTEMS COMMAND.FA2521  45 CONS PK | NAICS 334220 | PSC 5820 | set-aside: No Set aside used | PATRICK SFB, FL",['space'],7b36a2c357a33aea,True
sam.gov,JDMTA Custodial Services,https://sam.gov/workspace/contract/opp/18232c0be28c45e8904d15f2ffa14773/view,USSF,18232c0be28c45e8904d15f2ffa14773,Sources Sought,2026-09-16,2026-09-18,"DEPT OF DEFENSE.DEPT OF THE AIR FORCE.SPACE SYSTEMS COMMAND.FA2521  45 CONS PK | NAICS 561720 | PSC S201 | set-aside: No Set aside used | PATRICK SFB, FL",['space'],21ab68a604c8e51f,True
sam.gov,Spaceport and Launch Assessment & Strategic Help (SPLASH),https://sam.gov/workspace/contract/opp/04a1779788f449db894637901f3074e0/view,USSF,04a1779788f449db894637901f3074e0,Combined Synopsis/Solicitation,2026-09-16,2026-09-21,"DEPT OF DEFENSE.DEPT OF THE AIR FORCE.SPACE SYSTEMS COMMAND.FA2521  45 CONS PK | NAICS 541715 | PSC R425 | set-aside: Small Business Set Aside - Total | PATRICK SFB, FL","['space', 'launch']",c292067e00d33b86,True
sam.gov,"Notice of Intent: MILITARY SATELLITE COMMUNICATIONS (MILSATCOM) SYSTEMS ENGINEERING, INTEGRATION AND TEST(MSEIT)",https://sam.gov/workspace/contract/opp/599f7775df58431cab3d5dd888befa27/view,USSF,599f7775df58431cab3d5dd888befa27,Sources Sought,2026-09-15,2026-09-23,"DEPT OF DEFENSE.DEPT OF THE AIR FORCE.SPACE SYSTEMS COMMAND.PEO MILITARY COMMUNICATION AND POSITION NAVIGATION TIMING.FA8808 MIL SATELLITE COM SYS PKT LA | NAICS 541330 | PSC R707 | set-aside: none | EL SEGUNDO, CA","['space', 'satellite']",3a40b3baafb92d8b,True
sam.gov,SLD 30 CES BLD 10577 Carpet Removal and Replacement,https://sam.gov/workspace/contract/opp/d2392557fbdd405285709925a98d9c7f/view,USSF,d2392557fbdd405285709925a98d9c7f,Combined Synopsis/Solicitation,2026-09-14,2026-09-17,"DEPT OF DEFENSE.DEPT OF THE AIR FORCE.SPACE SYSTEMS COMMAND.FA4610 30 CONS PK | NAICS 238330 | PSC 7220 | set-aside: Small Business Set Aside - Total | VANDENBERG SFB, CA",['space'],0a7de830d7f47ddb,True
sam.gov,THOR HD SDI Video Transport - 8 Channel,https://sam.gov/workspace/contract/opp/ccd6401f3718441ca7c53f6e91b245d3/view,USSF,ccd6401f3718441ca7c53f6e91b245d3,Combined Synopsis/Solicitation,2026-09-14,2026-09-17,"DEPT OF DEFENSE.DEPT OF THE AIR FORCE.SPACE SYSTEMS COMMAND.FA4610 30 CONS PK | NAICS 334220 | PSC 5820 | set-aside: Small Business Set Aside - Total | VANDENBERG SFB, CA",['space'],93a527625269313a,True
sam.gov,Bowling Alley Machine,https://sam.gov/workspace/contract/opp/702e3c113ffb4a44bfdb8f0a5491ea3e/view,USSF,702e3c113ffb4a44bfdb8f0a5491ea3e,Combined Synopsis/Solicitation,2026-09-14,2026-09-21,"DEPT OF DEFENSE.DEPT OF THE AIR FORCE.SPACE SYSTEMS COMMAND.FA2521  45 CONS PK | NAICS 339920 | PSC 7810 | set-aside: Small Business Set Aside - Total | PATRICK SFB, FL",['space'],975d5e45a97611ca,True
sam.gov,Parts & Accessories for AN/PRC-163 Handheld Radio,https://sam.gov/workspace/contract/opp/59c43f5733814e01b86b214f7b65e531/view,USSF,59c43f5733814e01b86b214f7b65e531,Combined Synopsis/Solicitation,2026-09-14,2026-09-18,"DEPT OF DEFENSE.DEPT OF THE AIR FORCE.SPACE SYSTEMS COMMAND.FA2521  45 CONS PK | NAICS 334220 | PSC 5820 | set-aside: Small Business Set Aside - Total | PATRICK SFB, FL",['space'],68fbb68fcbe7c9f5,True
sam.gov,"Vandenberg Structural Engineering Study, SLC-3 Tower",https://sam.gov/workspace/contract/opp/4c226d4e8ba6423e90d3994b91efe659/view,USSF,4c226d4e8ba6423e90d3994b91efe659,Solicitation,2026-09-14,2026-09-17,"DEPT OF DEFENSE.DEPT OF THE AIR FORCE.SPACE SYSTEMS COMMAND.FA4610 30 CONS PK | NAICS 541330 | PSC R425 | set-aside: Small Business Set Aside - Total | VANDENBERG SFB, CA",['space'],f58dab1175a78db4,True
sam.gov,Lunar Enabling Infrastructure Accelerator (LEIA) -Broad Agency Announcement (BAA) NextSTEP-3 Appendix A - Final Solicitation,https://sam.gov/workspace/contract/opp/7f4effce6d664039aaf5f55b240d9a35/view,NASA,7f4effce6d664039aaf5f55b240d9a35,Solicitation,2026-09-21,2026-10-08,"NATIONAL AERONAUTICS AND SPACE ADMINISTRATION.NATIONAL AERONAUTICS AND SPACE ADMINISTRATION.NASA GLENN RESEARCH CENTER | NAICS 541715 | PSC AR12 | set-aside: No Set aside used | CLEVELAND, OH","['space', 'lunar']",9830f8fd32c9ae8a,True
sam.gov,"Coated Yarn Prototyping , and Testing",https://sam.gov/workspace/contract/opp/56bbcc6c96444ac0aff13b506994b1af/view,NASA,56bbcc6c96444ac0aff13b506994b1af,Special Notice,2026-09-21,2026-09-23,"NATIONAL AERONAUTICS AND SPACE ADMINISTRATION.NATIONAL AERONAUTICS AND SPACE ADMINISTRATION.NASA SHARED SERVICES CENTER | NAICS 325211 | PSC AJ11 | set-aside: none | STENNIS SPACE CENTER, MS",['space'],85c1795a03b46407,True
sam.gov,LAND AND PROPERTY ANALYSIS,https://sam.gov/workspace/contract/opp/0d7049f4b606403596760be30edcd760/view,NASA,0d7049f4b606403596760be30edcd760,Solicitation,2026-09-21,2026-09-25,"NATIONAL AERONAUTICS AND SPACE ADMINISTRATION.NATIONAL AERONAUTICS AND SPACE ADMINISTRATION.NASA SHARED SERVICES CENTER | NAICS 541370 | PSC R499 | set-aside: No Set aside used | STENNIS SPACE CENTER, MS",['space'],99e8394500adf943,True
sam.gov,Request for Information - Potential Research and Technology Partnership Opportunities,https://sam.gov/workspace/contract/opp/11832b9204eb4d4ea08b7c696c2b62ca/view,NASA,11832b9204eb4d4ea08b7c696c2b62ca,Special Notice,2026-09-20,2026-11-20,"NATIONAL AERONAUTICS AND SPACE ADMINISTRATION | NAICS 927110 | PSC None | set-aside: No Set aside used | , ",['space'],77d859ca7c9357fc,True
sam.gov,Prototype Operational Modeling Framework for Manifest Feasibility in support of NASA KSC Spaceport Digital Twin,https://sam.gov/workspace/contract/opp/dd679f1bf7f2400ba28a6da6ff3c2f82/view,NASA,dd679f1bf7f2400ba28a6da6ff3c2f82,Combined Synopsis/Solicitation,2026-09-18,2026-09-22,"NATIONAL AERONAUTICS AND SPACE ADMINISTRATION.NATIONAL AERONAUTICS AND SPACE ADMINISTRATION.NASA SHARED SERVICES CENTER | NAICS 611310 | PSC R499 | set-aside: Small Business Set Aside - Total | STENNIS SPACE CENTER, MS",['space'],3c76ab56f16d41c0,True
sam.gov,R507 Refrigerant Resupply for IRT,https://sam.gov/workspace/contract/opp/94b3c2a8a0f14198b9a5283347219ddc/view,NASA,94b3c2a8a0f14198b9a5283347219ddc,Combined Synopsis/Solicitation,2026-09-18,2026-09-22,"NATIONAL AERONAUTICS AND SPACE ADMINISTRATION.NATIONAL AERONAUTICS AND SPACE ADMINISTRATION.NASA SHARED SERVICES CENTER | NAICS 325120 | PSC 6830 | set-aside: Small Business Set Aside - Total | STENNIS SPACE CENTER, MS",['space'],4629f8ecc2182426,True
sam.gov,Treston Electrostatic Discharge (ESD) compliant laboratory benches and chairs,https://sam.gov/workspace/contract/opp/3647257da5ad4ebf9f44670ed5eab627/view,NASA,3647257da5ad4ebf9f44670ed5eab627,Combined Synopsis/Solicitation,2026-09-18,2026-09-24,"NATIONAL AERONAUTICS AND SPACE ADMINISTRATION.NATIONAL AERONAUTICS AND SPACE ADMINISTRATION.NASA SHARED SERVICES CENTER | NAICS 337127 | PSC 6640 | set-aside: No Set aside used | STENNIS SPACE CENTER, MS",['space'],09414d2b41e68290,True
sam.gov,Environmental Control System,https://sam.gov/workspace/contract/opp/da9dfe20c9084dbc89b5ce3169dbdcce/view,NASA,da9dfe20c9084dbc89b5ce3169dbdcce,Combined Synopsis/Solicitation,2026-09-17,2026-10-02,"NATIONAL AERONAUTICS AND SPACE ADMINISTRATION.NATIONAL AERONAUTICS AND SPACE ADMINISTRATION.NASA KENNEDY SPACE CENTER | NAICS 333413 | PSC 4310 | set-aside: No Set aside used | KENNEDY SPACE CENTER, FL",['space'],aa7c986356a40a62,True
sam.gov,"1 37"" round NASA Logo printed on 3M Film, 1 Wall Mural printed on 3M film, 4 Wall Murals printed on 3M Film.",https://sam.gov/workspace/contract/opp/d659f5ece06d49a4aba86f2fbe431c0b/view,NASA,d659f5ece06d49a4aba86f2fbe431c0b,Solicitation,2026-09-17,2026-09-21,"NATIONAL AERONAUTICS AND SPACE ADMINISTRATION.NATIONAL AERONAUTICS AND SPACE ADMINISTRATION.NASA SHARED SERVICES CENTER | NAICS 327212 | PSC 9905 | set-aside: Small Business Set Aside - Total | STENNIS SPACE CENTER, MS",['space'],fed9534effc9fa29,True
sam.gov,DEWESOFT LLC,https://sam.gov/workspace/contract/opp/a834645177244c9394da78e26ca1a93f/view,NASA,a834645177244c9394da78e26ca1a93f,Special Notice,2026-09-17,2026-09-21,"NATIONAL AERONAUTICS AND SPACE ADMINISTRATION.NATIONAL AERONAUTICS AND SPACE ADMINISTRATION.NASA SHARED SERVICES CENTER | NAICS 611430 | PSC U099 | set-aside: none | STENNIS SPACE CENTER, MS",['space'],9bbcb495543199fa,True
sam.gov,AI system tailored to the Mars Exploration Analog,https://sam.gov/workspace/contract/opp/6bc9b7cfbfcc4453beded218f614ff3e/view,NASA,6bc9b7cfbfcc4453beded218f614ff3e,Special Notice,2026-09-17,2026-09-22,"NATIONAL AERONAUTICS AND SPACE ADMINISTRATION.NATIONAL AERONAUTICS AND SPACE ADMINISTRATION.NASA SHARED SERVICES CENTER | NAICS 611310 | PSC AJ11 | set-aside: none | STENNIS SPACE CENTER, MS","['space', 'mars']",0a3258e2e1913788,True
sam.gov,3K Dual Compartment/Dual Pumping GSE Refueling Truck,https://sam.gov/workspace/contract/opp/3124236b3a0142d893abacf50219258a/view,NASA,3124236b3a0142d893abacf50219258a,Combined Synopsis/Solicitation,2026-09-17,2026-09-18,"NATIONAL AERONAUTICS AND SPACE ADMINISTRATION.NATIONAL AERONAUTICS AND SPACE ADMINISTRATION.NASA ARMSTRONG FLIGHT RESEARCH CNTR | NAICS 333924 | PSC 1740 | set-aside: No Set aside used | EDWARDS, CA",['space'],ada71bff2f979378,True
sam.gov,Direct Connect GH2 Tanks,https://sam.gov/workspace/contract/opp/b9db44c4bf2a4a978be15c87802484ad/view,NASA,b9db44c4bf2a4a978be15c87802484ad,Special Notice,2026-09-16,2026-09-22,"NATIONAL AERONAUTICS AND SPACE ADMINISTRATION.NATIONAL AERONAUTICS AND SPACE ADMINISTRATION.NASA SHARED SERVICES CENTER | NAICS 332420 | PSC 6640 | set-aside: No Set aside used | STENNIS SPACE CENTER, MS",['space'],4aaa4648c116cee5,True
sam.gov,Harvard Kennedy School Training Course,https://sam.gov/workspace/contract/opp/b578327dc20a43eea4ddf4b734e0e527/view,NASA,b578327dc20a43eea4ddf4b734e0e527,Special Notice,2026-09-16,2026-09-21,"NATIONAL AERONAUTICS AND SPACE ADMINISTRATION.NATIONAL AERONAUTICS AND SPACE ADMINISTRATION.NASA SHARED SERVICES CENTER | NAICS 611310 | PSC U002 | set-aside: none | STENNIS SPACE CENTER, MS",['space'],e81d78dba3163e41,True
sam.gov,Evident NORTEC 700 Eddy Current Array Flaw Detector,https://sam.gov/workspace/contract/opp/b0baa7159ea6480c8f5e1cae6f465a36/view,NASA,b0baa7159ea6480c8f5e1cae6f465a36,Special Notice,2026-09-16,2026-09-21,"NATIONAL AERONAUTICS AND SPACE ADMINISTRATION.NATIONAL AERONAUTICS AND SPACE ADMINISTRATION.NASA SHARED SERVICES CENTER | NAICS 334519 | PSC 7E20 | set-aside: No Set aside used | STENNIS SPACE CENTER, MS",['space'],b345f487e9957aa0,True
sam.gov,HIGH PERFORMANCE ENGINEERING WORKSTATIONS,https://sam.gov/workspace/contract/opp/5922ed032ddd43e090c972de0a430a0d/view,NASA,5922ed032ddd43e090c972de0a430a0d,Special Notice,2026-09-16,2026-09-18,"NATIONAL AERONAUTICS AND SPACE ADMINISTRATION.NATIONAL AERONAUTICS AND SPACE ADMINISTRATION.NASA SHARED SERVICES CENTER | NAICS 334111 | PSC 6640 | set-aside: Small Business Set Aside - Total | STENNIS SPACE CENTER, MS",['space'],14c5f5e52caf9d58,True
sam.gov,Hypobaric Chamber Pilot Studies,https://sam.gov/workspace/contract/opp/565e696db6a148bdbdc1dfa6b4542b3c/view,NASA,565e696db6a148bdbdc1dfa6b4542b3c,Combined Synopsis/Solicitation,2026-09-16,2026-10-01,"NATIONAL AERONAUTICS AND SPACE ADMINISTRATION.NATIONAL AERONAUTICS AND SPACE ADMINISTRATION.NASA JOHNSON SPACE CENTER | NAICS 541714 | PSC 6636 | set-aside: No Set aside used | HOUSTON, TX",['space'],4b0b9dd8d903c918,True
sam.gov,Peer-review of NASA Guidelines for Establishing SMACs and SWEGs and Evaluation,https://sam.gov/workspace/contract/opp/5611830f029e4e028dbcd0db9f76f1d7/view,NASA,5611830f029e4e028dbcd0db9f76f1d7,Special Notice,2026-09-16,2026-09-21,"NATIONAL AERONAUTICS AND SPACE ADMINISTRATION.NATIONAL AERONAUTICS AND SPACE ADMINISTRATION.NASA SHARED SERVICES CENTER | NAICS 541690 | PSC B599 | set-aside: none | STENNIS SPACE CENTER, MS",['space'],2c302b4c55f5dbf0,True
sam.gov,Helmel Checkmaster Model 216-142,https://sam.gov/workspace/contract/opp/140e5acdeacb415a8599b50fa34f2482/view,NASA,140e5acdeacb415a8599b50fa34f2482,Special Notice,2026-09-16,2026-09-21,"NATIONAL AERONAUTICS AND SPACE ADMINISTRATION.NATIONAL AERONAUTICS AND SPACE ADMINISTRATION.NASA SHARED SERVICES CENTER | NAICS 333998 | PSC 5805 | set-aside: No Set aside used | STENNIS SPACE CENTER, MS",['space'],b3261b07d45434ae,True
sam.gov,FILTER BASKET (ROSEDALE MODEL RBS10-6F-540 S-B-M70-C),https://sam.gov/workspace/contract/opp/cca6102b5ddc4f55acccfd246217d37c/view,NASA,cca6102b5ddc4f55acccfd246217d37c,Special Notice,2026-09-15,2026-09-17,"NATIONAL AERONAUTICS AND SPACE ADMINISTRATION.NATIONAL AERONAUTICS AND SPACE ADMINISTRATION.NASA SHARED SERVICES CENTER | NAICS 333914 | PSC 4730 | set-aside: none | STENNIS SPACE CENTER, MS",['space'],9dc1782e4bbaeca8,True
sam.gov,Astromaterials Glovebox Systems - Design & Fabrication (A-BOX),https://sam.gov/workspace/contract/opp/b8819163f63d4caab1239bdf1d04d33a/view,NASA,b8819163f63d4caab1239bdf1d04d33a,Sources Sought,2026-09-15,2026-09-15,"NATIONAL AERONAUTICS AND SPACE ADMINISTRATION.NATIONAL AERONAUTICS AND SPACE ADMINISTRATION.NASA JOHNSON SPACE CENTER | NAICS 334516 | PSC 6640 | set-aside: No Set aside used | HOUSTON, TX",['space'],0497b003579fdd3e,True
sam.gov,Vanta Core Handheld XRF Analyzer,https://sam.gov/workspace/contract/opp/b14fed5df69a4ba69bfaee8a1464dacf/view,NASA,b14fed5df69a4ba69bfaee8a1464dacf,Combined Synopsis/Solicitation,2026-09-15,2026-09-17,"NATIONAL AERONAUTICS AND SPACE ADMINISTRATION.NATIONAL AERONAUTICS AND SPACE ADMINISTRATION.NASA SHARED SERVICES CENTER | NAICS 334516 | PSC 7A20 | set-aside: Small Business Set Aside - Total | STENNIS SPACE CENTER, MS",['space'],7dc2f46d75564119,True
sam.gov,Shadow Chaser: infrared camera for stellar occultations,https://sam.gov/workspace/contract/opp/a5e5e531bfb74307b50c1333f9738f87/view,NASA,a5e5e531bfb74307b50c1333f9738f87,Combined Synopsis/Solicitation,2026-09-15,2026-09-18,"NATIONAL AERONAUTICS AND SPACE ADMINISTRATION.NATIONAL AERONAUTICS AND SPACE ADMINISTRATION.NASA SHARED SERVICES CENTER | NAICS 334519 | PSC 6695 | set-aside: none | STENNIS SPACE CENTER, MS",['space'],f21d7de4f5f74529,True
sam.gov,Spaceport Infrastructure Maintenance and Operations (SIMO),https://sam.gov/workspace/contract/opp/7a433720394943ba950e9fb9d34e20e7/view,NASA,7a433720394943ba950e9fb9d34e20e7,Sources Sought,2026-09-15,2026-07-01,"NATIONAL AERONAUTICS AND SPACE ADMINISTRATION.NATIONAL AERONAUTICS AND SPACE ADMINISTRATION.NASA KENNEDY SPACE CENTER | NAICS 561210 | PSC Z1AZ | set-aside: No Set aside used | KENNEDY SPACE CENTER, FL",['space'],fe17bea1780d56a0,True
sam.gov,Laser Interferometer Space Antenna (LISA) Frequency Reference System (FRS) Flight,https://sam.gov/workspace/contract/opp/73a5bab1f8944f95a0f5ef241b9dfb2c/view,NASA,73a5bab1f8944f95a0f5ef241b9dfb2c,Presolicitation,2026-09-15,2026-09-19,"NATIONAL AERONAUTICS AND SPACE ADMINISTRATION.NATIONAL AERONAUTICS AND SPACE ADMINISTRATION.NASA GODDARD SPACE FLIGHT CENTER | NAICS 336414 | PSC 1675 | set-aside: No Set aside used | GREENBELT, MD",['space'],df9969a239f17992,True
sam.gov,CCF (Converter Compressor Facility) Transmitter and Spare Parts – Flexim Brand Name,https://sam.gov/workspace/contract/opp/71e819a1cb8046cf8d28ff66a373384c/view,NASA,71e819a1cb8046cf8d28ff66a373384c,Combined Synopsis/Solicitation,2026-09-15,2026-09-17,"NATIONAL AERONAUTICS AND SPACE ADMINISTRATION.NATIONAL AERONAUTICS AND SPACE ADMINISTRATION.NASA SHARED SERVICES CENTER | NAICS 334514 | PSC 4310 | set-aside: Small Business Set Aside - Total | STENNIS SPACE CENTER, MS",['space'],a22603b7ffb4caf0,True
sam.gov,Emergency Medical Support and Evacuation (MedEvac) Services,https://sam.gov/workspace/contract/opp/3355e398efd748fa8966f4f32ec15de5/view,NASA,3355e398efd748fa8966f4f32ec15de5,Solicitation,2026-09-15,2026-09-18,"NATIONAL AERONAUTICS AND SPACE ADMINISTRATION.NATIONAL AERONAUTICS AND SPACE ADMINISTRATION.NASA JOHNSON SPACE CENTER | NAICS 621910 | PSC V225 | set-aside: none | HOUSTON, TX",['space'],e45918cd0bfa966e,True
sam.gov,Lower Wing / Elevon Heater Carriages,https://sam.gov/workspace/contract/opp/152205ede5454d828fcd7fa280437d0e/view,NASA,152205ede5454d828fcd7fa280437d0e,Combined Synopsis/Solicitation,2026-09-15,2026-09-16,"NATIONAL AERONAUTICS AND SPACE ADMINISTRATION.NATIONAL AERONAUTICS AND SPACE ADMINISTRATION.NASA SHARED SERVICES CENTER | NAICS 333998 | PSC K099 | set-aside: none | STENNIS SPACE CENTER, MS",['space'],510c68633f7c4766,True
sam.gov,"80JSC023DA010, Simulation and Software Technology (SST) III Ceiling Increase",https://sam.gov/workspace/contract/opp/e0d5e1c4883249b6adc5a6714717776a/view,NASA,e0d5e1c4883249b6adc5a6714717776a,Special Notice,2026-09-14,2026-10-14,"NATIONAL AERONAUTICS AND SPACE ADMINISTRATION.NATIONAL AERONAUTICS AND SPACE ADMINISTRATION.NASA JOHNSON SPACE CENTER | NAICS 541511 | PSC R425 | set-aside: none | HOUSTON, TX",['space'],a03ad5d6c5d38e3f,True
sam.gov,"P/N: 0117-011-001 FREEZING POINT ANALYZER, FUEL      Qty 1/ea",https://sam.gov/workspace/contract/opp/d32e9ea1376543f094135d8b5bf9b6ed/view,NASA,d32e9ea1376543f094135d8b5bf9b6ed,Combined Synopsis/Solicitation,2026-09-14,2026-09-18,"NATIONAL AERONAUTICS AND SPACE ADMINISTRATION.NATIONAL AERONAUTICS AND SPACE ADMINISTRATION.NASA SHARED SERVICES CENTER | NAICS 334516 | PSC 6695 | set-aside: Small Business Set Aside - Total | STENNIS SPACE CENTER, MS",['space'],b817ab4316cf9904,True
sam.gov,P/N: 57211AB3BBCIMFN    HYDRAULIC POWER UNIT Qty 1/ea,https://sam.gov/workspace/contract/opp/c187e218f62a48299ad11795429e5ac6/view,NASA,c187e218f62a48299ad11795429e5ac6,Combined Synopsis/Solicitation,2026-09-14,2026-09-18,"NATIONAL AERONAUTICS AND SPACE ADMINISTRATION.NATIONAL AERONAUTICS AND SPACE ADMINISTRATION.NASA SHARED SERVICES CENTER | NAICS 334519 | PSC 1680 | set-aside: Small Business Set Aside - Total | STENNIS SPACE CENTER, MS",['space'],0bb3fdbce9f68858,True
sam.gov,MIT Collaborative Research,https://sam.gov/workspace/contract/opp/b981c1e829f2446b87171976802a7844/view,NASA,b981c1e829f2446b87171976802a7844,Special Notice,2026-09-14,2026-09-17,"NATIONAL AERONAUTICS AND SPACE ADMINISTRATION.NATIONAL AERONAUTICS AND SPACE ADMINISTRATION.NASA SHARED SERVICES CENTER | NAICS 611310 | PSC AF31 | set-aside: none | STENNIS SPACE CENTER, MS",['space'],b1e2f9c61c9a6065,True
sam.gov,CentralSquare Pro Cloud Software and Services,https://sam.gov/workspace/contract/opp/afe534c0c55a4fb687184969e3a50f41/view,NASA,afe534c0c55a4fb687184969e3a50f41,Presolicitation,2026-09-14,2026-09-29,"NATIONAL AERONAUTICS AND SPACE ADMINISTRATION.NATIONAL AERONAUTICS AND SPACE ADMINISTRATION.NASA IT PROCUREMENT OFFICE | NAICS 513210 | PSC 7E20 | set-aside: No Set aside used | Greenbelt, MD",['space'],d4ca780844b7491b,True
sam.gov,FUJINON 4K Studio / Field Lens Model UA125×8BESM,https://sam.gov/workspace/contract/opp/996ddfa77eea4266904d958a33f67f53/view,NASA,996ddfa77eea4266904d958a33f67f53,Combined Synopsis/Solicitation,2026-09-14,2026-09-16,"NATIONAL AERONAUTICS AND SPACE ADMINISTRATION.NATIONAL AERONAUTICS AND SPACE ADMINISTRATION.NASA SHARED SERVICES CENTER | NAICS 334310 | PSC 5836 | set-aside: Small Business Set Aside - Total | STENNIS SPACE CENTER, MS",['space'],8111385ab343bfb0,True
sam.gov,ight-qualified imaging subsystem for the TERP RAPTOR 12U CubeSat mission to asteroid Apophis.,https://sam.gov/workspace/contract/opp/8ef119e2991149f9b1f36b1b07f00ef6/view,NASA,8ef119e2991149f9b1f36b1b07f00ef6,Special Notice,2026-09-14,2026-09-17,"NATIONAL AERONAUTICS AND SPACE ADMINISTRATION.NATIONAL AERONAUTICS AND SPACE ADMINISTRATION.NASA SHARED SERVICES CENTER | NAICS 336419 | PSC 6760 | set-aside: none | STENNIS SPACE CENTER, MS",['space'],fcd63d967f1465d5,True
sam.gov,2026 Request for White Papers: NASA SBIR/STTR  Phase II Sequential Awards,https://sam.gov/workspace/contract/opp/7a562988340d4e0db0bc73abd7125756/view,NASA,7a562988340d4e0db0bc73abd7125756,Special Notice,2026-09-14,2026-09-16,"NATIONAL AERONAUTICS AND SPACE ADMINISTRATION.NATIONAL AERONAUTICS AND SPACE ADMINISTRATION | NAICS 541715 | PSC AJ11 | set-aside: Small Business Set Aside - Total | , ",['space'],043c437dd3b660c6,True
sam.gov,Mill and Lathe Purchase,https://sam.gov/workspace/contract/opp/6fa9678f9fd843f38b7d64170ffd22c9/view,NASA,6fa9678f9fd843f38b7d64170ffd22c9,Combined Synopsis/Solicitation,2026-09-14,2026-09-16,"NATIONAL AERONAUTICS AND SPACE ADMINISTRATION.NATIONAL AERONAUTICS AND SPACE ADMINISTRATION.NASA SHARED SERVICES CENTER | NAICS 333517 | PSC 3460 | set-aside: none | STENNIS SPACE CENTER, MS",['space'],52bed35c9c40e9bf,True
sam.gov,Spare parts for EGS systems used by KPLSS,https://sam.gov/workspace/contract/opp/37af4edcd1a34d1ba5b6db53768661d4/view,NASA,37af4edcd1a34d1ba5b6db53768661d4,Solicitation,2026-09-14,2026-09-18,"NATIONAL AERONAUTICS AND SPACE ADMINISTRATION.NATIONAL AERONAUTICS AND SPACE ADMINISTRATION.NASA SHARED SERVICES CENTER | NAICS 334516 | PSC R408 | set-aside: No Set aside used | STENNIS SPACE CENTER, MS",['space'],62fa512a90af5239,True
sam.gov,Commercial Low Earth Orbit (LEO) Destination Contract (CLDC) Draft Request for Proposal,https://sam.gov/workspace/contract/opp/2cee9d6472f74247abe9cce16578fe90/view,NASA,2cee9d6472f74247abe9cce16578fe90,Sources Sought,2026-09-14,2026-07-27,"NATIONAL AERONAUTICS AND SPACE ADMINISTRATION.NATIONAL AERONAUTICS AND SPACE ADMINISTRATION.NASA JOHNSON SPACE CENTER | NAICS 336414 | PSC V126 | set-aside: No Set aside used | HOUSTON, TX","['space', 'orbit', 'leo']",80d53131e017631e,True
sam.gov,Marshall Exploration Facility,https://sam.gov/workspace/contract/opp/232912f419894ca685d56285382e32ec/view,NASA,232912f419894ca685d56285382e32ec,Special Notice,2026-09-14,,"NATIONAL AERONAUTICS AND SPACE ADMINISTRATION.NATIONAL AERONAUTICS AND SPACE ADMINISTRATION.NASA MARSHALL SPACE FLIGHT CENTER | NAICS 236220 | PSC Y1AZ | set-aside: none | HUNTSVILLE, AL",['space'],aae12709de8e30cd,True
sam.gov,Request for Proposal (RFP) - Resilient Missile Warning Tracking (RMWT) Low Earth Orbit (LEO) Ground Entry Points (GEPs),https://sam.gov/workspace/contract/opp/572d40abf7f94ea4bc090d62581ef5f3/view,SDA,572d40abf7f94ea4bc090d62581ef5f3,Solicitation,2026-09-18,2026-11-02,"DEPT OF DEFENSE.DEPT OF THE AIR FORCE.SPACE DEVELOPMENT AGENCY.FA2401 SPACE DEVELOPMENT AGENCY SDA | NAICS 541715 | PSC AC13 | set-aside: No Set aside used | CHANTILLY, VA","['space', 'orbit', 'missile warning', 'leo']",4d929edc768a39c1,True
sam.gov,GEP-as-a-Service Development Roadmaps,https://sam.gov/workspace/contract/opp/3f425b14ac1d4cd785863888b62c403a/view,SDA,3f425b14ac1d4cd785863888b62c403a,Sources Sought,2026-09-14,2026-10-14,"DEPT OF DEFENSE.DEPT OF THE AIR FORCE.SPACE DEVELOPMENT AGENCY.FA2401 SPACE DEVELOPMENT AGENCY SDA | NAICS 517810 | PSC DG11 | set-aside: No Set aside used | CHANTILLY, VA",['space'],7e105b66d028e2b3,True
sam.gov,"U.S. Government Space Required: Woodland, CA",https://sam.gov/workspace/contract/opp/e6ed1a1d5f1a4a75a3bb2f75c70d7d20/view,DEPT OF DEFENSE,e6ed1a1d5f1a4a75a3bb2f75c70d7d20,Solicitation,2026-09-21,2026-10-07,"DEPT OF DEFENSE.DEPT OF THE ARMY.US ARMY CORPS OF ENGINEERS.ENGINEER DIVISION SOUTH PACIFIC.ENDIST SACRAMENTO.W075 ENDIST SACRAMENTO | NAICS 531120 | PSC X1AA | set-aside: none | SACRAMENTO, CA",['space'],98a54891468c92f8,True
sam.gov,"U.S. Department of Agriculture Seeks to Lease Office and Related Space in Whiteville, North Carolina",https://sam.gov/workspace/contract/opp/a1546c725f354d97a5fef827784f6205/view,"AGRICULTURE, DEPARTMENT OF",a1546c725f354d97a5fef827784f6205,Solicitation,2026-09-21,2026-10-13,"AGRICULTURE, DEPARTMENT OF.FARM PRODUCTION AND CONSERVATION BUSINESS CENTER.FPAC BUS CNTR-MGMT SVS DIV | NAICS 531120 | PSC X1AA | set-aside: none | WASHINGTON, DC",['space'],4da7c07be641e4d8,True
sam.gov,General Services Administration (GSA) Seeks to lease the following space: Solicitation No. 5TN0238,https://sam.gov/workspace/contract/opp/99c3844c8d2248a38bee40b24bded882/view,GENERAL SERVICES ADMINISTRATION,99c3844c8d2248a38bee40b24bded882,Presolicitation,2026-09-21,2026-10-12,"GENERAL SERVICES ADMINISTRATION.PUBLIC BUILDINGS SERVICE.PBS OFFICE OF LEASING | NAICS 531120 | PSC X1AA | set-aside: none | WASHINGTON, DC",['space'],a1dc08ef8eaeeede,True
sam.gov,"US Government Seeks Office and Related Space in Washington, D.C.",https://sam.gov/workspace/contract/opp/6ca6e822248947239fb8f2c2f8826a8d/view,GENERAL SERVICES ADMINISTRATION,6ca6e822248947239fb8f2c2f8826a8d,Presolicitation,2026-09-21,2026-09-28,"GENERAL SERVICES ADMINISTRATION.PUBLIC BUILDINGS SERVICE.PBS OFFICE OF LEASING | NAICS 531120 | PSC X1AA | set-aside: none | WASHINGTON, DC",['space'],2cf2e66036851c88,True
sam.gov,"53--SPACER,RING",https://sam.gov/workspace/contract/opp/2c6f717c6b9d460c9cd5c3b5cb41bc8b/view,DEPT OF DEFENSE,2c6f717c6b9d460c9cd5c3b5cb41bc8b,Combined Synopsis/Solicitation,2026-09-21,2026-09-28,"DEPT OF DEFENSE.DEFENSE LOGISTICS AGENCY.DLA MARITIME.DLA MARITIME COLUMBUS.DLA LAND AND MARITIME | NAICS 332510 | PSC 53 | set-aside: none | COLUMBUS, OH",['space'],570532982c9d9ca9,True
sam.gov,"Seeking Competitive Lease Proposals – Administrative Office Space in in Atlanta, GA - Request for Lease Proposals No. 26NAT02",https://sam.gov/workspace/contract/opp/2c0d0e2b4a4e426499999ad8d14e3bc3/view,GENERAL SERVICES ADMINISTRATION,2c0d0e2b4a4e426499999ad8d14e3bc3,Combined Synopsis/Solicitation,2026-09-21,2026-10-07,"GENERAL SERVICES ADMINISTRATION.PUBLIC BUILDINGS SERVICE.PBS OFFICE OF LEASING | NAICS 531120 | PSC X1AA | set-aside: none | WASHINGTON, DC",['space'],3bcdf498c17ea6b0,True
sam.gov,"Hangar Space, Billings Montana",https://sam.gov/workspace/contract/opp/1b0333255cde4d169ebd38085c187e59/view,"JUSTICE, DEPARTMENT OF",1b0333255cde4d169ebd38085c187e59,Sources Sought,2026-09-21,2026-10-06,"JUSTICE, DEPARTMENT OF.FEDERAL BUREAU OF INVESTIGATION.FBI - REDSTONE ARSENAL | NAICS 53 | PSC X1BZ | set-aside: No Set aside used | REDSTONE ARSENAL, AL",['space'],798501208935b3ac,True
sam.gov,"SPACER,SLEEVE",https://sam.gov/workspace/contract/opp/17f02b657f464e908d8643b759ab282b/view,DEPT OF DEFENSE,17f02b657f464e908d8643b759ab282b,Sources Sought,2026-09-21,2026-09-28,"DEPT OF DEFENSE.DEFENSE LOGISTICS AGENCY.DLA LAND.DLA LAND COLUMBUS.DLA LAND AND MARITIME | NAICS 332999 | PSC 5365 | set-aside: none | COLUMBUS, OH",['space'],83d8aceca15c7797,True
sam.gov,Seeking Competitive Lease Proposals for Office Space in multiple locations across the United States- Request for Lease Proposals No. 26NAT02,https://sam.gov/workspace/contract/opp/3b906c33f6684dbf9ca265c57d8c19e7/view,GENERAL SERVICES ADMINISTRATION,3b906c33f6684dbf9ca265c57d8c19e7,Combined Synopsis/Solicitation,2026-09-20,2026-10-07,"GENERAL SERVICES ADMINISTRATION.PUBLIC BUILDINGS SERVICE.PBS OFFICE OF LEASING | NAICS 531120 | PSC X1AA | set-aside: none | WASHINGTON, DC",['space'],8a9503023f2fd41b,True
sam.gov,Combined Synopsis/Solicitation & Notice of Intent to Sole Source to Tradespace for Subscription,https://sam.gov/workspace/contract/opp/f07530d5951d43ecbdc259be61b45452/view,"HEALTH AND HUMAN SERVICES, DEPARTMENT OF",f07530d5951d43ecbdc259be61b45452,Combined Synopsis/Solicitation,2026-09-18,2026-09-22,"HEALTH AND HUMAN SERVICES, DEPARTMENT OF.FOOD AND DRUG ADMINISTRATION.FDA OFFICE OF ACQ  GRANT SVCS | NAICS 513210 | PSC DA10 | set-aside: No Set aside used | Rockville, MD",['space'],963f4296c8d46e38,True
sam.gov,Space Port of the Future Infrastructure (SPOTFi) Campus,https://sam.gov/workspace/contract/opp/c26339446f97438e95b187140ece6c14/view,DEPT OF DEFENSE,c26339446f97438e95b187140ece6c14,Solicitation,2026-09-18,2026-10-09,"DEPT OF DEFENSE.DEPT OF THE ARMY.US ARMY CORPS OF ENGINEERS.ENGINEER DIVISION SOUTH ATLANTIC.ENDIST MOBILE.W074 ENDIST MOBILE | NAICS 236220 | PSC Y1JZ | set-aside: none | MOBILE, AL",['space'],dafbdd0a91db8829,True
sam.gov,"6NV0137 - GSA Seeks space in Las Vegas, NV",https://sam.gov/workspace/contract/opp/b9f949b6e12a4981aad5f2e2cb0b98e0/view,GENERAL SERVICES ADMINISTRATION,b9f949b6e12a4981aad5f2e2cb0b98e0,Presolicitation,2026-09-18,2026-09-22,"GENERAL SERVICES ADMINISTRATION.PUBLIC BUILDINGS SERVICE.PBS R9 LEASING DIV | NAICS 531120 | PSC X1AA | set-aside: No Set aside used | SAN FRANCISCO, CA",['space'],c8e4b077cf7f63e0,True
sam.gov,Industry Day: A Government-Industry Exchange on Construction Contracting - An Invitation for Industry Partners to Collaborate with the United States Space Force Operational Contracting Enterprise,https://sam.gov/workspace/contract/opp/af24ab6b213b4b899c3101c7db1b3549/view,DEPT OF DEFENSE,af24ab6b213b4b899c3101c7db1b3549,Special Notice,2026-09-18,2026-10-31,"DEPT OF DEFENSE.DEPT OF THE AIR FORCE.AIR FORCE SPACE COMMAND | NAICS 23 | PSC None | set-aside: none | , ",['space'],af252d391aa75c3b,True
sam.gov,"General Services Administration (GSA) seeks to lease office space in Montclair, CA",https://sam.gov/workspace/contract/opp/a7d92263eef64bee816ee46e738e70f5/view,GENERAL SERVICES ADMINISTRATION,a7d92263eef64bee816ee46e738e70f5,Presolicitation,2026-09-18,2026-10-16,"GENERAL SERVICES ADMINISTRATION.PUBLIC BUILDINGS SERVICE.PBS R00 CENTER FOR BROKER SERVICES | NAICS 531120 | PSC X1AA | set-aside: none | WASHINGTON, DC",['space'],ad3830cf08d49fb3,True
sam.gov,"Pre-solicitation Notice:  The Government seeks expressions of interest for hangar and related space in Carolina, Puerto Rico for a minimum of 17,480 ANSI/BOMA Office Area (ABOA) SF and maximum of 18,354 ABOA SF.",https://sam.gov/workspace/contract/opp/710e555560704331a7eda69ad9091f6b/view,GENERAL SERVICES ADMINISTRATION,710e555560704331a7eda69ad9091f6b,Presolicitation,2026-09-18,2026-09-25,"GENERAL SERVICES ADMINISTRATION.PUBLIC BUILDINGS SERVICE.PBS R00 CENTER FOR BROKER SERVICES | NAICS 531120 | PSC X1BZ | set-aside: none | WASHINGTON, DC",['space'],e786ff20c9b4e45a,True
sam.gov,Industry Day: Vandenberg Space Force Base (VSFB) Various Spaceport of the Future (SOTF) and Sentinel Projects - Progressive Design-Build (PDB) and Construction Management at Risk (CMAR) using Other Transaction Authority (OTA),https://sam.gov/workspace/contract/opp/37e94d4e8e584fd994392f4ed1990c77/view,DEPT OF DEFENSE,37e94d4e8e584fd994392f4ed1990c77,Special Notice,2026-09-18,2026-10-14,"DEPT OF DEFENSE | NAICS 236220 | PSC Y1JZ | set-aside: No Set aside used | , ",['space'],791770930277d71a,True
sam.gov,"USDA seeking 2,300-2,722 ABOA SF, Office/Warehouse/Scientific Support Space, in Cocoa, FL",https://sam.gov/workspace/contract/opp/14649571e1264333a62d90d7710b3fe4/view,"AGRICULTURE, DEPARTMENT OF",14649571e1264333a62d90d7710b3fe4,Solicitation,2026-09-18,2026-10-12,"AGRICULTURE, DEPARTMENT OF.ANIMAL AND PLANT HEALTH INSPECTION SERVICE.MRPBS MINNEAPOLIS MN | NAICS 531120 | PSC X1AA | set-aside: none | MINNEAPOLIS, MN",['space'],93b5a63d2f773214,True
sam.gov,Combined Office/Motor Pool Space,https://sam.gov/workspace/contract/opp/ff08e67031624e8f8214c641808bb08c/view,DEPT OF DEFENSE,ff08e67031624e8f8214c641808bb08c,Presolicitation,2026-09-17,2026-09-22,"DEPT OF DEFENSE.DEPT OF THE ARMY.US ARMY CORPS OF ENGINEERS.ENGINEER DIVISION SOUTH PACIFIC.ENDIST ALBUQUERQUE.W075 ENDIST ALBUQUERQUE | NAICS 53 | PSC X1AZ | set-aside: none | ALBUQUERQUE, NM",['space'],ff0f161c7d1b0d8b,True
sam.gov,"Seeking Competitive Lease Proposals –- Management Hub Office Space -- in in Atlanta, GA - Request for Lease Proposals No. 26NAT02",https://sam.gov/workspace/contract/opp/e825fab074234492b28964800449de29/view,GENERAL SERVICES ADMINISTRATION,e825fab074234492b28964800449de29,Combined Synopsis/Solicitation,2026-09-17,2026-10-07,"GENERAL SERVICES ADMINISTRATION.PUBLIC BUILDINGS SERVICE.PBS OFFICE OF LEASING | NAICS 531120 | PSC X1AA | set-aside: none | WASHINGTON, DC",['space'],13681bb9a21efd3c,True
sam.gov,General Services Administration (GSA) Seeks To Lease The Following Space:,https://sam.gov/workspace/contract/opp/dadef03408094b1f83dc3b75008cb1ce/view,GENERAL SERVICES ADMINISTRATION,dadef03408094b1f83dc3b75008cb1ce,Presolicitation,2026-09-17,2026-10-16,"GENERAL SERVICES ADMINISTRATION.PUBLIC BUILDINGS SERVICE.PBS R00 CENTER FOR BROKER SERVICES | NAICS 531120 | PSC X1AA | set-aside: No Set aside used | WASHINGTON, DC",['space'],7dd66b91235d9c18,True
sam.gov,"General Services Administration (GSA) seeks to lease space in Fort Myers, FL",https://sam.gov/workspace/contract/opp/c41d0beaeb29442b80400b63d3e9bc53/view,GENERAL SERVICES ADMINISTRATION,c41d0beaeb29442b80400b63d3e9bc53,Presolicitation,2026-09-17,2026-10-09,"GENERAL SERVICES ADMINISTRATION.PUBLIC BUILDINGS SERVICE.PBS R00 CENTER FOR BROKER SERVICES | NAICS 53112 | PSC X1AA | set-aside: none | WASHINGTON, DC",['space'],c4e214aba76c3c20,True
sam.gov,"53--SPACER,SLEEVE",https://sam.gov/workspace/contract/opp/c3b4612878584a428008595e1b68ae46/view,DEPT OF DEFENSE,c3b4612878584a428008595e1b68ae46,Combined Synopsis/Solicitation,2026-09-17,2026-09-25,"DEPT OF DEFENSE.DEFENSE LOGISTICS AGENCY.DLA AVIATION.DLA AV RICHMOND.DLA AVIATION | NAICS 332510 | PSC 53 | set-aside: Small Business Set Aside - Total | RICHMOND, VA",['space'],5bbc3ac5b4301bd9,True
sam.gov,ARPA-H Comprehensive Organ System Modeling in Outer Space (COSMOS) Innovative Solutions Opening,https://sam.gov/workspace/contract/opp/a0daed815bbc41289b0477bf9520ab1b/view,"HEALTH AND HUMAN SERVICES, DEPARTMENT OF",a0daed815bbc41289b0477bf9520ab1b,Solicitation,2026-09-17,2026-10-07,"HEALTH AND HUMAN SERVICES, DEPARTMENT OF.NATIONAL INSTITUTES OF HEALTH.ADVANCED RESEARCH PROJECTS AGENCY FOR HEALTH (ARPA-H) | NAICS 541714 | PSC AN13 | set-aside: none | Washington, DC",['space'],56ff939ea479bc71,True
sam.gov,"Lease for office space - 6,533 sq ft required",https://sam.gov/workspace/contract/opp/9e16821871e44636b83f68bb12a418ce/view,DEPT OF DEFENSE,9e16821871e44636b83f68bb12a418ce,Solicitation,2026-09-17,2026-10-01,"DEPT OF DEFENSE.DEPT OF THE ARMY.US ARMY CORPS OF ENGINEERS.ENGINEER DIVISION NORTHWESTERN.ENDIST OMAHA.W071 ENDIST OMAHA | NAICS 531120 | PSC X1PZ | set-aside: none | OMAHA, NE",['space'],bc5ca5b281780cc3,True
sam.gov,"DACA675270001300 - United States Army Corps of Engineers (USACE) seeks to lease approximately 555 gross square feet of office space in SeaTac, Washington for Air Mobility Command",https://sam.gov/workspace/contract/opp/999d358bb7bf434092c630b9d449d0cf/view,DEPT OF DEFENSE,999d358bb7bf434092c630b9d449d0cf,Solicitation,2026-09-17,2026-10-30,"DEPT OF DEFENSE.DEPT OF THE ARMY.US ARMY CORPS OF ENGINEERS.ENGINEER DIVISION NORTHWESTERN.ENDIST SEATTLE.W071 ENDIST SEATTLE | NAICS 531120 | PSC X1AA | set-aside: none | SEATTLE, WA",['space'],402e573557a3e73b,True
sam.gov,Industry Day - Space Force Operations Centers - Various Locations: Sign Up Link,https://sam.gov/workspace/contract/opp/87fa46ac485d4e4698fbf38cfe985b22/view,DEPT OF DEFENSE,87fa46ac485d4e4698fbf38cfe985b22,Special Notice,2026-09-17,,"DEPT OF DEFENSE.DEPT OF THE ARMY.US ARMY CORPS OF ENGINEERS.ENGINEER DIVISION NORTHWESTERN.ENDIST OMAHA.W071 ENDIST OMAHA | NAICS 236220 | PSC Y1JZ | set-aside: none | OMAHA, NE",['space'],0c5aad27b7697781,True
sam.gov,Lease of Office Space. Request for Lease Proposals (RLP) #26NAT01 - Office Space,https://sam.gov/workspace/contract/opp/589840c83fe74b66b2053a25ea274974/view,GENERAL SERVICES ADMINISTRATION,589840c83fe74b66b2053a25ea274974,Combined Synopsis/Solicitation,2026-09-17,2026-10-07,"GENERAL SERVICES ADMINISTRATION.PUBLIC BUILDINGS SERVICE.PBS OFFICE OF LEASING | NAICS 531120 | PSC X1AA | set-aside: none | WASHINGTON, DC",['space'],9d7b48df6b95a6e4,True
sam.gov,53--BOLT AND SPACER KIT,https://sam.gov/workspace/contract/opp/3ad97a9a9fc94fefb84df8e873f335cb/view,DEPT OF DEFENSE,3ad97a9a9fc94fefb84df8e873f335cb,Combined Synopsis/Solicitation,2026-09-17,2026-10-02,"DEPT OF DEFENSE.DEFENSE LOGISTICS AGENCY.DLA LAND.DLA LAND COLUMBUS.DLA LAND AND MARITIME | NAICS 332722 | PSC 53 | set-aside: none | COLUMBUS, OH",['space'],391cd2ef91970cb4,True
sam.gov,"Seeking Competitive Lease Proposals –- Management Hub -- Office Space in in Philadelphia, PA - Request for Lease Proposals No. 26NAT02",https://sam.gov/workspace/contract/opp/2d7eb4351526411da2be3530ee6169e5/view,GENERAL SERVICES ADMINISTRATION,2d7eb4351526411da2be3530ee6169e5,Combined Synopsis/Solicitation,2026-09-17,2026-10-07,"GENERAL SERVICES ADMINISTRATION.PUBLIC BUILDINGS SERVICE.PBS OFFICE OF LEASING | NAICS 531120 | PSC X1AA | set-aside: none | WASHINGTON, DC",['space'],1b079e62021d1eed,True
sam.gov,"General Services Administration (GSA) seeks to lease office space in Campbell, CA",https://sam.gov/workspace/contract/opp/25311fb4aa7a49828c0299b98888d228/view,GENERAL SERVICES ADMINISTRATION,25311fb4aa7a49828c0299b98888d228,Presolicitation,2026-09-17,2026-10-02,"GENERAL SERVICES ADMINISTRATION.PUBLIC BUILDINGS SERVICE.PBS R00 CENTER FOR BROKER SERVICES | NAICS 531120 | PSC X1AA | set-aside: none | WASHINGTON, DC",['space'],6d0220ae9dfd2184,True
sam.gov,"Seeking Competitive Lease Proposals – Administrative Office Space in in Philadelphia, PA - Request for Lease Proposals No. 26NAT02",https://sam.gov/workspace/contract/opp/1d5daa6336f3483aba2732392bdb5ea0/view,GENERAL SERVICES ADMINISTRATION,1d5daa6336f3483aba2732392bdb5ea0,Solicitation,2026-09-17,2026-10-07,"GENERAL SERVICES ADMINISTRATION.PUBLIC BUILDINGS SERVICE.PBS OFFICE OF LEASING | NAICS 531120 | PSC X1AA | set-aside: none | WASHINGTON, DC",['space'],17749d5db2e3178d,True
sam.gov,"Hangar Space in or Near Alpine, Texas",https://sam.gov/workspace/contract/opp/c8cd60d3013a45229289925dd6399384/view,DEPT OF DEFENSE,c8cd60d3013a45229289925dd6399384,Presolicitation,2026-09-16,2026-09-21,"DEPT OF DEFENSE.DEPT OF THE ARMY.US ARMY CORPS OF ENGINEERS.ENGINEER DIVISION SOUTH PACIFIC.ENDIST ALBUQUERQUE.W075 ENDIST ALBUQUERQUE | NAICS 531120 | PSC X1BZ | set-aside: none | ALBUQUERQUE, NM",['space'],fd7fdad0a4a47994,True
sam.gov,"United States Space Force (USSF) Battle Management, Command, Control, Communication and Space Intelligence (BMC3I) Satellite Communication Augmentation Resource (SCAR) Program Office (PMO) Commercial Solutions Opening (CSO) Two Phase Closed Variant",https://sam.gov/workspace/contract/opp/a71495f6ce5e4e2fb45ceed1162606ad/view,MDA,a71495f6ce5e4e2fb45ceed1162606ad,Special Notice,2026-09-16,2026-10-15,"DEPT OF DEFENSE.MISSILE DEFENSE AGENCY (MDA).MISSILE DEFENSE AGENCY (MDA) | NAICS 541715 | PSC 5985 | set-aside: No Set aside used | HUNTSVILLE, AL","['space', 'satellite']",0f43ad72762469f0,True
sam.gov,"General Services Administration (GSA) Seeks Leased Space in Vicksburg, MS",https://sam.gov/workspace/contract/opp/9e8217eea0244d618cdd07058250ef88/view,GENERAL SERVICES ADMINISTRATION,9e8217eea0244d618cdd07058250ef88,Presolicitation,2026-09-16,2026-10-06,"GENERAL SERVICES ADMINISTRATION.PUBLIC BUILDINGS SERVICE.PBS OFFICE OF LEASING | NAICS 531120 | PSC X1AA | set-aside: none | WASHINGTON, DC",['space'],4e9a6ced74285db6,True
sam.gov,"SPACER,COMPRESSOR R_End_Item_TF33_NSN_2840013055307_PN_413918P20",https://sam.gov/workspace/contract/opp/8db768d4f4e4415788d7886d7ede0c5f/view,DEPT OF DEFENSE,8db768d4f4e4415788d7886d7ede0c5f,Sources Sought,2026-09-16,2026-09-23,"DEPT OF DEFENSE.DEFENSE LOGISTICS AGENCY.DLA AVIATION.DLA AVIATION OKLAHOMA CITY.DLA AVIATION AT OKLAHOMA CITY, OK | NAICS 336412 | PSC 2840 | set-aside: No Set aside used | TINKER AFB, OK",['space'],c0a6d5c4481a8a7c,True
sam.gov,"53--SPACER,STEPPED",https://sam.gov/workspace/contract/opp/8b03503eef8740889df2650ca6276e2e/view,DEPT OF DEFENSE,8b03503eef8740889df2650ca6276e2e,Combined Synopsis/Solicitation,2026-09-16,2026-09-24,"DEPT OF DEFENSE.DEFENSE LOGISTICS AGENCY.DLA AVIATION.DLA AV RICHMOND.DLA AVIATION | NAICS 332722 | PSC 53 | set-aside: none | RICHMOND, VA",['space'],6335367161cbf4d9,True
sam.gov,"General Services Administration (GSA) seeks to lease office space in Bismarck, ND",https://sam.gov/workspace/contract/opp/8999662257664de99f0c3b8c053b6bc6/view,GENERAL SERVICES ADMINISTRATION,8999662257664de99f0c3b8c053b6bc6,Presolicitation,2026-09-16,2026-09-25,"GENERAL SERVICES ADMINISTRATION.PUBLIC BUILDINGS SERVICE.PBS R00 CENTER FOR BROKER SERVICES | NAICS 531120 | PSC X1AA | set-aside: none | WASHINGTON, DC",['space'],4fef2da066087a83,True
sam.gov,"SPE60526Q0271 NASA Marshall Space Flight Center, AL, 7,500 USG Diesel, ULSD (DS2), RDD 18 Sep 2026",https://sam.gov/workspace/contract/opp/6dd80c81c61f4a18a598dad2600aa76f/view,DEPT OF DEFENSE,6dd80c81c61f4a18a598dad2600aa76f,Combined Synopsis/Solicitation,2026-09-16,2026-09-17,"DEPT OF DEFENSE.DEFENSE LOGISTICS AGENCY.DLA ENERGY.DLA ENERGY | NAICS 324110 | PSC 9140 | set-aside: Small Business Set Aside - Total | FORT BELVOIR, VA",['space'],edc8f770db9631c0,True
sam.gov,Confined Space Assessment - Beltsville MD,https://sam.gov/workspace/contract/opp/682ea9d98c7343908222d52e32f798ea/view,"AGRICULTURE, DEPARTMENT OF",682ea9d98c7343908222d52e32f798ea,Combined Synopsis/Solicitation,2026-09-16,2026-09-22,"AGRICULTURE, DEPARTMENT OF.AGRICULTURAL RESEARCH SERVICE.USDA ARS AFM APD | NAICS 541620 | PSC R428 | set-aside: Small Business Set Aside - Total | BELTSVILLE, MD",['space'],4012ce13f91ca39e,True
sam.gov,"US Government seeks to Lease Office Space in Poughkeepsie, NY",https://sam.gov/workspace/contract/opp/2cfe3f2ffed2478f8be64ded057b8bc8/view,GENERAL SERVICES ADMINISTRATION,2cfe3f2ffed2478f8be64ded057b8bc8,Solicitation,2026-09-16,2026-09-30,"GENERAL SERVICES ADMINISTRATION.PUBLIC BUILDINGS SERVICE.PBS R00 CENTER FOR BROKER SERVICES | NAICS 531120 | PSC X1AA | set-aside: No Set aside used | WASHINGTON, DC",['space'],96116739fb58d4e7,True
sam.gov,"Hangar Space in or Near Edinburg, Texas",https://sam.gov/workspace/contract/opp/2c7c34fd011f43948b96ce7f1bca9a7a/view,DEPT OF DEFENSE,2c7c34fd011f43948b96ce7f1bca9a7a,Presolicitation,2026-09-16,2026-09-22,"DEPT OF DEFENSE.DEPT OF THE ARMY.US ARMY CORPS OF ENGINEERS.ENGINEER DIVISION SOUTH PACIFIC.ENDIST ALBUQUERQUE.W075 ENDIST ALBUQUERQUE | NAICS 531120 | PSC X1BZ | set-aside: none | ALBUQUERQUE, NM",['space'],ce850060d0b983c5,True
sam.gov,General Services Administration (GSA) seeks to lease the following space: Solicitation No. 3FL0557,https://sam.gov/workspace/contract/opp/28451ce412f84a37896d87e458648b2a/view,GENERAL SERVICES ADMINISTRATION,28451ce412f84a37896d87e458648b2a,Presolicitation,2026-09-16,2026-09-21,"GENERAL SERVICES ADMINISTRATION.PUBLIC BUILDINGS SERVICE.PBS OFFICE OF LEASING | NAICS 531120 | PSC X1AA | set-aside: none | WASHINGTON, DC",['space'],4196c8ac75c977e0,True
sam.gov,"Lease of Office Space in NE Buffalo / Williamsville, New York - Request for Lease Proposals (RLP) #26NAT01 - Office Space",https://sam.gov/workspace/contract/opp/187c8a5ae2ce4cd1b21c54c370849ba3/view,GENERAL SERVICES ADMINISTRATION,187c8a5ae2ce4cd1b21c54c370849ba3,Combined Synopsis/Solicitation,2026-09-16,2026-10-07,"GENERAL SERVICES ADMINISTRATION.PUBLIC BUILDINGS SERVICE.PBS R2 OFFICE OF LEASING | NAICS 531120 | PSC X1AA | set-aside: none | NEW YORK, NY",['space'],aa662aeacb081ae2,True
sam.gov,"53--SPACER,SLEEVE",https://sam.gov/workspace/contract/opp/de72d1cf86484db88b7f02487f875ed6/view,DEPT OF DEFENSE,de72d1cf86484db88b7f02487f875ed6,Combined Synopsis/Solicitation,2026-09-15,2026-09-23,"DEPT OF DEFENSE.DEFENSE LOGISTICS AGENCY.DLA AVIATION.DLA AV RICHMOND.DLA AVIATION | NAICS 332722 | PSC 53 | set-aside: none | RICHMOND, VA",['space'],fc065f9dd943b989,True
sam.gov,AMENDMENT 0001 OSC Study on U.S. Space Economy Measurement Metrics,https://sam.gov/workspace/contract/opp/be974ea1f2d8472b8485b65cfacb8433/view,"COMMERCE, DEPARTMENT OF",be974ea1f2d8472b8485b65cfacb8433,Combined Synopsis/Solicitation,2026-09-15,2026-09-24,"COMMERCE, DEPARTMENT OF.NATIONAL OCEANIC AND ATMOSPHERIC ADMINISTRATION.DEPT OF COMMERCE NOAA | NAICS 541720 | PSC R422 | set-aside: Small Business Set Aside - Total | SILVER SPRING, MD",['space'],10655540278b6a7f,True
sam.gov,"28--SPACER,COMPRESSOR S",https://sam.gov/workspace/contract/opp/aa9c26743b2647e49a093774456aec4c/view,DEPT OF DEFENSE,aa9c26743b2647e49a093774456aec4c,Combined Synopsis/Solicitation,2026-09-15,2026-09-23,"DEPT OF DEFENSE.DEFENSE LOGISTICS AGENCY.DLA AVIATION.DLA AV RICHMOND.DLA AVIATION | NAICS 336412 | PSC 28 | set-aside: Small Business Set Aside - Total | RICHMOND, VA",['space'],a2756ddaf99a34eb,True
sam.gov,NAS410 40-Hour Level 2 Digital Radiography / Non-Film (DRT) Transition Training for DCMA Space Enterprises,https://sam.gov/workspace/contract/opp/8bd1e98e03d24c65b050a84a3238bb02/view,DEPT OF DEFENSE,8bd1e98e03d24c65b050a84a3238bb02,Solicitation,2026-09-15,2026-09-17,"DEPT OF DEFENSE.DEFENSE CONTRACT MANAGEMENT AGENCY (DCMA).DCMA, HQ, PROCUREMENT CENTER.DEFENSE CONTRACT MANAGMENT OFFICE | NAICS 611430 | PSC U006 | set-aside: none | FORT LEE, VA",['space'],54f61e3576f803be,True
sam.gov,"Lease of Office Space in Fort Lauderdale, Florida - Request for Lease Proposals (RLP) #26NAT01 - Office Space",https://sam.gov/workspace/contract/opp/8a145f105e324e9699e661f1d0738da6/view,GENERAL SERVICES ADMINISTRATION,8a145f105e324e9699e661f1d0738da6,Combined Synopsis/Solicitation,2026-09-15,2026-10-07,"GENERAL SERVICES ADMINISTRATION.PUBLIC BUILDINGS SERVICE.PBS R2 OFFICE OF LEASING | NAICS 531120 | PSC X1AA | set-aside: none | NEW YORK, NY",['space'],2b5d82baf67dc082,True
sam.gov,Pituffik Space Base Project Delivery Method Market Research Questionnaire,https://sam.gov/workspace/contract/opp/25c604e23add4044b1a453b53eaeb04d/view,DEPT OF DEFENSE,25c604e23add4044b1a453b53eaeb04d,Sources Sought,2026-09-15,2026-10-01,"DEPT OF DEFENSE.DEPT OF THE ARMY.US ARMY CORPS OF ENGINEERS.ENGINEER DIVISION NORTH ATLANTIC.ENDIST NEW YORK.W2SD ENDIST NEW YORK | NAICS None | PSC None | set-aside: No Set aside used | NEW YORK, NY",['space'],34e1eb8ddc5a854a,True
sam.gov,"US GOVERNMENT WANTS TO LEASE OFFICE SPACE IN SAN ANTONIO, TX",https://sam.gov/workspace/contract/opp/18088107c6f24dd6863304c14c2450d6/view,GENERAL SERVICES ADMINISTRATION,18088107c6f24dd6863304c14c2450d6,Presolicitation,2026-09-15,2026-09-30,"GENERAL SERVICES ADMINISTRATION.PUBLIC BUILDINGS SERVICE.PBS R00 CENTER FOR BROKER SERVICES | NAICS 531120 | PSC X1AA | set-aside: none | WASHINGTON, DC",['space'],07a192d093ae658e,True
sam.gov,"53--SPACER,PLATE",https://sam.gov/workspace/contract/opp/14167b3279784bca94e465d0b2755dd0/view,DEPT OF DEFENSE,14167b3279784bca94e465d0b2755dd0,Combined Synopsis/Solicitation,2026-09-15,2026-09-23,"DEPT OF DEFENSE.DEFENSE LOGISTICS AGENCY.DLA AVIATION.DLA AV RICHMOND.DLA AVIATION | NAICS 332510 | PSC 53 | set-aside: none | RICHMOND, VA",['space'],874f267c9280c78c,True
sam.gov,General Services Administration (GSA) is seeking the following space in Atlanta: 6GA0396,https://sam.gov/workspace/contract/opp/f65575bf54684c07a10dfab18d1a937d/view,GENERAL SERVICES ADMINISTRATION,f65575bf54684c07a10dfab18d1a937d,Presolicitation,2026-09-14,2026-10-05,"GENERAL SERVICES ADMINISTRATION.PUBLIC BUILDINGS SERVICE.PBS OFFICE OF LEASING | NAICS 531120 | PSC X1AA | set-aside: No Set aside used | WASHINGTON, DC",['space'],9cca6841d7b62a19,True
sam.gov,"Government Seeking Lease Space in Mount Airy, NC",https://sam.gov/workspace/contract/opp/7ed34b8e2dec4aba83d3e4ab17bfc91c/view,GENERAL SERVICES ADMINISTRATION,7ed34b8e2dec4aba83d3e4ab17bfc91c,Presolicitation,2026-09-14,2026-09-22,"GENERAL SERVICES ADMINISTRATION.PUBLIC BUILDINGS SERVICE.PBS OFFICE OF LEASING | NAICS 53112 | PSC X1AA | set-aside: none | WASHINGTON, DC",['space'],a86abeb84dc8922a,True
sam.gov,CMC Greenspace IFB,https://sam.gov/workspace/contract/opp/55e9e432223b4f2ab113597acdd6744d/view,DEPT OF DEFENSE,55e9e432223b4f2ab113597acdd6744d,Solicitation,2026-09-14,2026-09-14,"DEPT OF DEFENSE.DEPT OF THE ARMY.US ARMY CORPS OF ENGINEERS.ENGINEER DIVISION SOUTH ATLANTIC.ENDIST SAVANNAH.W074 ENDIST SAVANNAH | NAICS 237990 | PSC Y1PA | set-aside: Service-Disabled Veteran-Owned Small Business (SDVOSB) Set-Aside (FAR 19.14) | SAVANNAH, GA",['space'],d029ac5bb6156bf8,True
sam.gov,Marine Corps Cyberspace Environment (MCCE) Operational Support Services (OSS) and Enterprise Artificial Intelligence (AI) Integration,https://sam.gov/workspace/contract/opp/4f733d690a9c48bd80a1a300f7d76335/view,DEPT OF DEFENSE,4f733d690a9c48bd80a1a300f7d76335,Sources Sought,2026-09-14,2026-10-05,"DEPT OF DEFENSE.DEPT OF THE NAVY.USMC.MARCOR SYSCOM.COMMANDER | NAICS 541513 | PSC DA01 | set-aside: No Set aside used | QUANTICO, VA",['space'],4345f4c1b13e6cb9,True
sam.gov,"Space Warfighter Training, Modeling, and Simulation Support",https://sam.gov/workspace/contract/opp/4f1577b3fc0547e7a4a906281a34f2e9/view,USSF,4f1577b3fc0547e7a4a906281a34f2e9,Sources Sought,2026-09-14,2026-10-08,"DEPT OF DEFENSE.DEPT OF THE AIR FORCE.SPACE TRAINING AND READINESS COMMAND.FA2549 STARCOM CONTRACTING PK | NAICS None | PSC None | set-aside: none | PATRICK SFB, FL",['space'],bd4eeb1430cc2a91,True
sam.gov,General Services Administration (GSA) is seeking the following space in Atlanta: 6GA0395,https://sam.gov/workspace/contract/opp/45ecdae69fc14c0295a9228d5588845c/view,GENERAL SERVICES ADMINISTRATION,45ecdae69fc14c0295a9228d5588845c,Presolicitation,2026-09-14,2026-10-05,"GENERAL SERVICES ADMINISTRATION.PUBLIC BUILDINGS SERVICE.PBS OFFICE OF LEASING | NAICS 531120 | PSC X1AA | set-aside: No Set aside used | WASHINGTON, DC",['space'],af12e12425efb9fe,True
sam.gov,"31--SPACER,TURBINE,SHAF",https://sam.gov/workspace/contract/opp/596f5a762a5f4b2b890b439b75d6ab3e/view,DEPT OF DEFENSE,596f5a762a5f4b2b890b439b75d6ab3e,Combined Synopsis/Solicitation,2026-09-13,2026-09-21,"DEPT OF DEFENSE.DEFENSE LOGISTICS AGENCY.DLA AVIATION.DLA AV RICHMOND.DLA AVIATION | NAICS 332991 | PSC 31 | set-aside: none | RICHMOND, VA",['space'],52db4084da8d40be,True
sam.gov,Receive Only Antennas for Antarctic Polar Orbiting Satellites,https://sam.gov/workspace/contract/opp/7798ab1a199d40c9a9efd2fdab445e97/view,DEPT OF DEFENSE,7798ab1a199d40c9a9efd2fdab445e97,Solicitation,2026-09-17,2026-09-24,"DEPT OF DEFENSE.DEPT OF THE NAVY.SPAWAR.SPAWAR LANT.NIWC ATLANTIC | NAICS 541715 | PSC AC13 | set-aside: none | NORTH CHARLESTON, SC","['satellite', 'orbit']",7a9c369bda7131d2,True
sam.gov,SATELLITE SHORELINE PROCESSING SYS.,https://sam.gov/workspace/contract/opp/c14be7c3004b452ab09907fea23d2218/view,"INTERIOR, DEPARTMENT OF THE",c14be7c3004b452ab09907fea23d2218,Solicitation,2026-09-15,2026-09-22,"INTERIOR, DEPARTMENT OF THE.US GEOLOGICAL SURVEY.OFFICE OF ACQUISITON  GRANTS | NAICS 541511 | PSC DA01 | set-aside: Small Business Set Aside - Total | SACRAMENTO, CA",['satellite'],de4480c3c0feadc3,True
sam.gov,"58--TERMINAL,SATELLITE, IN REPAIR/MODIFICATION OF",https://sam.gov/workspace/contract/opp/6415ee7d83cb40e5a8f166b3297e39f4/view,DEPT OF DEFENSE,6415ee7d83cb40e5a8f166b3297e39f4,Solicitation,2026-09-15,2026-10-30,"DEPT OF DEFENSE.DEPT OF THE NAVY.NAVSUP.NAVSUP WEAPON SYSTEMS SUPPORT.NAVSUP WSS PHILADELPHIA.NAVSUP WEAPON SYSTEMS SUPPORT | NAICS 334290 | PSC 7G20 | set-aside: none | PHILADELPHIA, PA",['satellite'],466e1bf6513cc669,True
sam.gov,"58--TERMINAL,SATELLITE",https://sam.gov/workspace/contract/opp/3111fa3b57b645e69fbfdd03421c3f4e/view,DEPT OF DEFENSE,3111fa3b57b645e69fbfdd03421c3f4e,Solicitation,2026-09-14,2026-09-28,"DEPT OF DEFENSE.DEFENSE LOGISTICS AGENCY.DLA AVIATION.DLA AVIATION PHILADELPHIA.DLA AVIATION AT PHILADELPHIA, PA | NAICS 334290 | PSC 7G20 | set-aside: none | PHILADELPHIA, PA",['satellite'],912ba2de89e1733a,True
sam.gov,58--Global Navigation Satellite System (GNSS),https://sam.gov/workspace/contract/opp/121423aa12da4a18899737200c9276a5/view,"INTERIOR, DEPARTMENT OF THE",121423aa12da4a18899737200c9276a5,Presolicitation,2026-09-14,2026-09-21,"INTERIOR, DEPARTMENT OF THE.US GEOLOGICAL SURVEY.OFC OF ACQUSITION  GRANTS-NATIONAL | NAICS 334511 | PSC 5825 | set-aside: none | RESTON, VA",['satellite'],eef1b283f240d208,True
sam.gov,Vertical Launching System (VLS) Deck and Hatch Assembly,https://sam.gov/workspace/contract/opp/ded1486023124f4aba2500de4e746ecc/view,DEPT OF DEFENSE,ded1486023124f4aba2500de4e746ecc,Solicitation,2026-09-21,2026-10-15,"DEPT OF DEFENSE.DEPT OF THE NAVY.NAVSEA.NAVSEA WARFARE CENTER.COMMANDING OFFICER | NAICS 332999 | PSC 9545 | set-aside: none | PORT HUENEME, CA",['launch'],0113a1331e7febc6,True
sam.gov,Indo-PACOM Recoilless Precision Rifle (RePR-G7) Rocket Propelled Grenade Launcher & Anti-Tank Weapon Simulator Systems,https://sam.gov/workspace/contract/opp/4413cef29dd643ed939e4c6b66908444/view,DEPT OF DEFENSE,4413cef29dd643ed939e4c6b66908444,Sources Sought,2026-09-17,2026-10-01,"DEPT OF DEFENSE.DEPT OF THE ARMY.AMC.ACC.ACC-CTRS.ACC-APG.W6QK ACC-APG-ORLANDO | NAICS 332993 | PSC 6920 | set-aside: No Set aside used | ORLANDO, FL","['launch', 'rocket']",a94c125ce5a1971f,True
sam.gov,Request for Information (RFI) for Silent Anvil Air-Launched Torpedo (SAA-LT) Standoff Delivery Solutions,https://sam.gov/workspace/contract/opp/38775b33dc5e4ce780cc3c3623594aa9/view,DEPT OF DEFENSE,38775b33dc5e4ce780cc3c3623594aa9,Sources Sought,2026-09-16,2026-09-29,"DEPT OF DEFENSE.DEPT OF THE NAVY.NAVAIR.NAVAIR HQS.NAVAL AIR SYSTEMS COMMAND | NAICS 336414 | PSC 1410 | set-aside: none | PATUXENT RIVER, MD",['launch'],33586eb668d6afa9,True
sam.gov,Request for Application: NRIC Nuclear Energy Launch Pad,https://sam.gov/workspace/contract/opp/819e054d2f5b4b7fa31420809b585ffb/view,"ENERGY, DEPARTMENT OF",819e054d2f5b4b7fa31420809b585ffb,Special Notice,2026-09-15,2026-06-19,"ENERGY, DEPARTMENT OF.ENERGY, DEPARTMENT OF.BATTELLE ENERGY ALLIANCE–DOE CNTR | NAICS 221113 | PSC 4470 | set-aside: none | Idaho Falls, ID",['launch'],126efc6376cb07ae,True
sam.gov,Service Agreement - Orbitrap Exploris 240 Mass Spectrometer and Associated Components,https://sam.gov/workspace/contract/opp/9f91224297fc45a4b8c26062cb872b63/view,"AGRICULTURE, DEPARTMENT OF",9f91224297fc45a4b8c26062cb872b63,Combined Synopsis/Solicitation,2026-09-15,2026-09-14,"AGRICULTURE, DEPARTMENT OF.AGRICULTURAL RESEARCH SERVICE.USDA ARS AFM APD | NAICS 811210 | PSC J066 | set-aside: Small Business Set Aside - Total | BELTSVILLE, MD",['orbit'],639e8cdbbc9bd7fa,True
sam.gov,Orbitrap Excedion Pro MS System ETD Ready with Vanquish Horizon UHPLC and associated components,https://sam.gov/workspace/contract/opp/4fe1bb470dff4e989abe8b47d8937f75/view,"HEALTH AND HUMAN SERVICES, DEPARTMENT OF",4fe1bb470dff4e989abe8b47d8937f75,Combined Synopsis/Solicitation,2026-09-14,2026-09-21,"HEALTH AND HUMAN SERVICES, DEPARTMENT OF.NATIONAL INSTITUTES OF HEALTH.NATIONAL INSTITUTES OF HEALTH OLAO | NAICS 334516 | PSC 6640 | set-aside: none | BETHESDA, MD",['orbit'],6f167cb6cc19fdb6,True
nspires,A.17 Hydrosphere,https://nspires.nasaprs.com/external/solicitations/summary!init.do?solId=%7B19309C30-9666-C72E-DB44-3AE2E4DD155C%7D&path=open,NASA,NNH25ZDA001N-HYDRO,NRA,2026-09-02,2026-10-08,NNH25ZDA001N-HYDRO — status: Due in 30 Days,[],0f4965ede3462255,True
nspires,A.16 Cryosphere,https://nspires.nasaprs.com/external/solicitations/summary!init.do?solId=%7BF94216CA-4701-DF21-96C6-C8A791B1D8AE%7D&path=open,NASA,NNH25ZDA001N-CRYO,NRA,2026-09-01,2026-10-16,NNH25ZDA001N-CRYO — status: Due in 30 Days,[],36d20486b9201a0e,True
nspires,Solar System Exploration Research Virtual Institute Cooperative Agreement Notice-5 (SSERVI CAN-5),https://nspires.nasaprs.com/external/solicitations/summary!init.do?solId=%7BAB203FB1-0B66-BF02-1A26-EBA50EE72C35%7D&path=open,NASA,NNH26ZDA016C,CAN,2026-08-27,2026-09-29,NNH26ZDA016C — status: Due in 30 Days,[],965c862986c026a4,True
nspires,Research Initiation Award 2024 Extension - Invitation Only,https://nspires.nasaprs.com/external/solicitations/summary!init.do?solId=%7BEB1F0846-36E5-2E9A-30B0-C1DD9BFB40E6%7D&path=open,NASA,RIA24E,NRA,2026-08-07,2026-10-01,RIA24E — status: Due in 30 Days,[],d2f9ad266f15589b,True
nspires,A.13 Accelerating Earth Solutions,https://nspires.nasaprs.com/external/solicitations/summary!init.do?solId=%7B33D1A64A-D7B2-199F-7E02-90E363FB86BC%7D&path=open,NASA,NNH25ZDA001N-AES,NRA,2026-07-17,2026-10-15,NNH25ZDA001N-AES — status: Due in 30 Days,[],879e47f77d3d27ae,True
nspires,NASA Unsolicited Proposals,https://nspires.nasaprs.com/external/solicitations/summary!init.do?solId=%7B006B4304-ADC2-FFD7-6287-D2F2C1BCF1B4%7D&path=open,NASA,UNSOL_FY2026,NRA,2026-02-25,2026-09-30,UNSOL_FY2026 — status: Due in 30 Days,[],e75ddbf5ce4eeb36,True
nspires,XMM-Newton C Targets for Fiscal Year 2026,https://nspires.nasaprs.com/external/solicitations/summary!init.do?solId=%7BF555CBC4-C585-4425-3525-DA44D971B1A2%7D&path=open,NASA,XMMNCT_FY26,OTHER,2025-10-01,2026-09-30,XMMNCT_FY26 — status: Due in 30 Days,[],773236f934f478da,True
nspires,D.9 Habitable Worlds Observatory Instrument Concept Assessments,https://nspires.nasaprs.com/external/solicitations/summary!init.do?solId=%7BBE2AA4DC-81E7-2AF3-B465-8AA6478270A4%7D&path=open,NASA,NNH25ZDA001N-HWOICA,NRA,2025-08-14,2026-10-14,NNH25ZDA001N-HWOICA — status: Due in 30 Days,[],1f3d781a2d5104e6,True
nasa-sbir,2025 NASA SBIR Ignite Phase II Solicitation,https://www.nasa.gov/sbir_sttr/sbir-ignite/,NASA,https://www.nasa.gov/sbir_sttr/sbir-ignite/,,,,SBIR Ignite | 2025 NASA SBIR Ignite Phase II Solicitation 9/3/26 10/15/26 Nov. 2026,[],8dcdd4ed741e457a,True
nasa-sbir,2025 NASA STTR Phase II Solicitation,https://www.nasa.gov/sbir_sttr/phase-ii/#phaseiisolicitations,NASA,https://www.nasa.gov/sbir_sttr/phase-ii/#phaseiisolicitations,,,,Phase II | 2025 NASA STTR Phase II Solicitation 9/15/26 10/28/26 Dec. 2026,[],3759f654aa02d9d5,True
nasa-sbir,STMD Solicitations and Opportunities,https://www.nasa.gov/stmd-solicitations-and-opportunities/,NASA,https://www.nasa.gov/stmd-solicitations-and-opportunities/,,,,Space Technology Mission Directorate STMD Solicitations and Opportunities Technology Transfer & Spinoffs Technology,[],72e6461179dac593,True
nasa-sbir-sttr-portal,Space Technology Mission…,https://www.nasa.gov/space-technology-mission-directorate/,NASA,https://www.nasa.gov/space-technology-mission-directorate/,,,,,['space'],df6c8395de8f7bbf,True
nasa-sbir-sttr-portal,SBIR/STTR Home,https://www.nasa.gov/sbir_sttr/,NASA,https://www.nasa.gov/sbir_sttr/,,,,,"['sbir', 'sttr']",40824c6331371635,True
nasa-sbir-sttr-portal,Phase II,https://www.nasa.gov/sbir_sttr/phase-ii/,NASA,https://www.nasa.gov/sbir_sttr/phase-ii/,,,,,"['phase i', 'phase ii']",c284c699040b7762,True
nasa-sbir-sttr-portal,Post Phase II,https://www.nasa.gov/sbir_sttr/post-phase-ii/,NASA,https://www.nasa.gov/sbir_sttr/post-phase-ii/,,,,,"['phase i', 'phase ii']",90a9a8c0f32ebed5,True
nasa-sbir-sttr-portal,Phase III,https://www.nasa.gov/sbir_sttr/phase-iii/,NASA,https://www.nasa.gov/sbir_sttr/phase-iii/,,,,,"['phase i', 'phase ii']",889cd36a50608217,True
nasa-sbir-sttr-portal,SBIR Ignite,https://www.nasa.gov/sbir_sttr/sbir-ignite/,NASA,https://www.nasa.gov/sbir_sttr/sbir-ignite/,,,,,"['sbir', 'ignite']",aee61ca21bce2486,True
nasa-sbir-sttr-portal,Phase II-E Submissions,https://www.nasa.gov/sbir_sttr/phase-ii-e/,NASA,https://www.nasa.gov/sbir_sttr/phase-ii-e/,,,,Post Phase II | Phase II-E Submissions — 8/11/26 Oct. 2026,"['phase i', 'phase ii']",b56cf5daab3528c0,True
nasa-sbir-sttr-portal,2026 Phase II Sequential Call for White Papers,https://www.nasa.gov/sbir_sttr/phase-ii-sequential/,NASA,https://www.nasa.gov/sbir_sttr/phase-ii-sequential/,,,,Phase II Sequential | 2026 Phase II Sequential Call for White Papers 8/12/26 9/11/26 July 2027,"['phase i', 'phase ii']",899f84aadc9efa15,True
nasa-sbir-sttr-portal,2025 NASA STTR Phase II Solicitation,https://www.nasa.gov/sbir_sttr/phase-ii/#phaseiisolicitations,NASA,https://www.nasa.gov/sbir_sttr/phase-ii/#phaseiisolicitations,,,,Phase II | 2025 NASA STTR Phase II Solicitation 9/15/26 10/28/26 Dec. 2026,"['sttr', 'solicitation', 'phase i', 'phase ii']",ef9024e271b084a5,True
nasa-sbir-sttr-portal,Explore the SBIR Partnering Platform Here,https://www.sbirpartnering.org/nasa,NASA,https://www.sbirpartnering.org/nasa,,,,"The NASA SBIR/STTR Program has joined the SBIR Partnering Platform! We are excited to announce an opportunity for our small businesses to connect with other innovators and partners. NASA SBIR/STTR has joined the SBIR Partnering Platform. This public, multi-agency platform facilitates partnering betw",['sbir'],25df82b3552d7480,True
nasa-sbir-sttr-portal,Learn More on SBIR.gov,https://www.sbir.gov/,NASA,https://www.sbir.gov/,,,,"We are one piece of the SBIR/STTR pie America’s Seed Fund is coordinated by the U.S. Small Business Administration (SBA), which provides resources and support to the NASA SBIR/STTR program and 10 other participating Federal agencies. The SBA tracks SBIR/STTR awards across the government, provides he",['sbir'],295f237fd813dd26,True
nasa-sbir-sttr-portal,STMD Solicitations and Opportunities,https://www.nasa.gov/stmd-solicitations-and-opportunities/,NASA,https://www.nasa.gov/stmd-solicitations-and-opportunities/,,,,Space Technology Mission Directorate STMD Solicitations and Opportunities Technology Transfer & Spinoffs Technology,"['solicitation', 'opportunit']",c740076732f219d6,True
spacewerx,"Meet SpaceWERX at the SBIR/STTR Fall Innovation Conference, co-located with Defense TechConnect!",https://spacewerx.us/events-calendar/2026-defense-techconnect-innovation-summit-and-expo-2/,USSF,https://spacewerx.us/events-calendar/2026-defense-techconnect-innovation-summit-and-expo-2/,,,,"Meet SpaceWERX at the SBIR/STTR Fall Innovation Conference, co-located with Defense TechConnect! Join us September 22-24 in Maryland to connect with SBIR/STTR agencies, learn about current areas of interest, opportunities to work with the U.S. Space Force, and discover pathways for moving promising ","['space', 'sbir', 'sttr']",d2687b12ea9f71e0,True
spacewerx,SpaceWERX hosts the Defense Curious Forum,https://spacewerx.us/events-calendar/defense-curious-forum/,USSF,https://spacewerx.us/events-calendar/defense-curious-forum/,,,,"SpaceWERX hosts the Defense Curious Forum Join SpaceWERX and national security leaders for the Defense Curious Forum to explore defense contracting, acquisition pathways, dual-use technology, and critical space capability needs.",['space'],68da3f82e086be2d,True
spacewerx,Announcing the Teams Advancing in the Adaptive and Intelligent Space Challenge,https://afwerxchallenge.com/ais-challenge-selections,USSF,https://afwerxchallenge.com/ais-challenge-selections,,,,"Announcing the Teams Advancing in the Adaptive and Intelligent Space Challenge SpaceWERX, in partnership with HQ SF/S9C, has selected the teams advancing in the Futures Series: Adaptive and Intelligent Space (AIS) Challenge, accelerating innovative technologies that will help shape the future of U.S","['space', 'challenge']",07ac19ca43d4e2c2,True
spacewerx,Now Accepting Submissions: Space PY26.2 TACFI Notice of Opportunity (Rolling Basis),https://spacewerx.us/accelerate/stratfi-tacfi/,USSF,https://spacewerx.us/accelerate/stratfi-tacfi/,,,,"Now Accepting Submissions: Space PY26.2 TACFI Notice of Opportunity (Rolling Basis) The Space Program Year 26.2 Tactical Funding Increase Notice of Opportunity (PY26.2 TACFI NOO) features a continuous, rolling submission and evaluation system. Proposals will be reviewed as they are received, with th",['space'],bfa4433d0400f6f5,True
spacewerx,Accelerate Space Capability with THE BR-DGE,https://www.thebr-dge.space/,USSF,https://www.thebr-dge.space/,,,,Accelerate Space Capability with THE BR-DGE Accelerate Space Capability with THE BR-DGE,['space'],e8c5505ca74aea1b,True
sda,SDA Requests Proposals for Resilient Missile Warning and Tracking (RMWT) Low Earth Orbit (LEO) Ground Entry Points,https://sam.gov/workspace/contract/opp/572d40abf7f94ea4bc090d62581ef5f3/view,SDA,https://sam.gov/workspace/contract/opp/572d40abf7f94ea4bc090d62581ef5f3/view,,,,"SDA Requests Proposals for Resilient Missile Warning and Tracking (RMWT) Low Earth Orbit (LEO) Ground Entry Points Posted On: September 18, 2026 Responses Due: November 2, 2026","['orbit', 'missile warning', 'leo']",9f6d516d201b5b36,True
sda,"Space Development Agency, Proliferated Warfighter Space Architecture (PWSA) Systems, Technologies, and Emerging Capabilities (STEC) Broad Agency Announcement",https://sam.gov/workspace/contract/opp/78e66858d8df4a1aaa895327a3b7b2c2/view,SDA,https://sam.gov/workspace/contract/opp/78e66858d8df4a1aaa895327a3b7b2c2/view,,,,"Space Development Agency, Proliferated Warfighter Space Architecture (PWSA) Systems, Technologies, and Emerging Capabilities (STEC) Broad Agency Announcement Posted On: March 4, 2026 Original Date Offers Due: March 3, 2027",['space'],97f19fcf8f5bd80a,True
sda,SDA Issues Request for Information for Future Space-To-Air Optical Communication Terminals,https://sam.gov/workspace/contract/opp/b2acd02b415743f2973877db5273850e/view,SDA,https://sam.gov/workspace/contract/opp/b2acd02b415743f2973877db5273850e/view,,,,"SDA Issues Request for Information for Future Space-To-Air Optical Communication Terminals Posted On: January 28, 2026 Response Date: February 27, 2026",['space'],37f7e6187a468c32,True
sda,Opportunities Archive,https://www.sda.mil/opportunities-archive/,SDA,https://www.sda.mil/opportunities-archive/,,,,,[],368050e12848c92e,True
sda,All SDA contracts over $7 million are announced via the Department of Defense public notice process.,https://www.defense.gov/Newsroom/Contracts/,SDA,https://www.defense.gov/Newsroom/Contracts/,,,,,[],d3f68881864e8655,True
diu,Commercial Solutions Openings (CSO) Space Threat Intelligence Synthesis Engine Closing: 2026-09-24 23:59:59 US/Eastern Time ↗ 01,https://www.diu.mil/work-with-us/submit-solution/PROJ00716,DIU,https://www.diu.mil/work-with-us/submit-solution/PROJ00716,,2026-09-24,,,['space'],590b0017c59fe0a7,True
nstxl-spec,Space Enterprise Consortium,https://nstxl.org/spec?hsLang=en,USSF,https://nstxl.org/spec?hsLang=en,,,,,['space'],91c65ecb747ef096,True
gsa-aas,Interact communities on buy.gsa.gov,https://buy.gsa.gov/interact/,GSA-AAS,https://buy.gsa.gov/interact/,,,,"Get updates on publicly posted opportunities and join pipeline review sessions. For more information, visit our Interact communities on buy.gsa.gov . Opportunities Active procurements are in the requirements and solicitation development stage with government partners. The Assisted Acquisition Servic",['interact'],62b3220a8b19c4a1,True
gsa-aas,Open the dashboard in its own window.,https://d2d.gsa.gov/tableau-report-for-embed/10725,GSA-AAS,https://d2d.gsa.gov/tableau-report-for-embed/10725,,,,"Get updates on publicly posted opportunities and join pipeline review sessions. For more information, visit our Interact communities on buy.gsa.gov . Opportunities Active procurements are in the requirements and solicitation development stage with government partners. The Assisted Acquisition Servic",['dashboard'],b5e8d32e321877a2,True
